device_info_serial,date_time,latitude,longitude
2159,7/04/2016 6:52,-33.8405194,121.8611673
2159,7/04/2016 7:07,-33.840633,121.8611744
2159,7/04/2016 7:22,-33.8406991,121.8608793
2159,7/04/2016 7:37,-33.8406935,121.8608303
2159,7/04/2016 7:52,-33.8445061,121.8612929
2159,7/04/2016 8:07,-33.8413604,121.8602497
2159,7/04/2016 8:22,-33.8418488,121.8553999
2159,7/04/2016 8:38,-33.8417912,121.8558868
2159,7/04/2016 8:53,-33.8422352,121.852332
2159,7/04/2016 9:08,-33.8422879,121.8534926
2159,7/04/2016 9:23,-33.8454487,121.855852
2159,7/04/2016 9:39,-33.8590399,121.869024
2159,7/04/2016 9:54,-33.8588368,121.8691823
2159,7/04/2016 10:10,-33.8553472,121.8650115
2159,7/04/2016 10:25,-33.8555108,121.8650404
2159,7/04/2016 10:56,-33.8553631,121.8649924
2159,7/04/2016 11:26,-33.8553983,121.8649887
2159,7/04/2016 11:57,-33.8554326,121.8650013
2159,7/04/2016 12:26,-33.8553292,121.8649768
2159,7/04/2016 13:27,-33.8554096,121.8649807
2159,7/04/2016 13:57,-33.8551878,121.8650183
2159,7/04/2016 14:28,-33.8553781,121.8649727
2159,7/04/2016 14:59,-33.8553621,121.8650055
2159,7/04/2016 15:29,-33.8552137,121.864963
2159,7/04/2016 15:59,-33.8556116,121.8649147
2159,7/04/2016 16:29,-33.8553866,121.8650288
2159,7/04/2016 16:59,-33.8552633,121.8650333
2159,7/04/2016 17:29,-33.8554024,121.8650237
2159,7/04/2016 17:59,-33.8554192,121.8649399
2159,7/04/2016 18:30,-33.8553904,121.864987
2159,7/04/2016 19:00,-33.8553382,121.8649489
2159,7/04/2016 19:30,-33.8553549,121.8649457
2159,7/04/2016 20:01,-33.8554227,121.8649819
2159,7/04/2016 20:31,-33.8554352,121.8649376
2159,7/04/2016 21:01,-33.8554335,121.8650648
2159,7/04/2016 21:30,-33.8554091,121.8649907
2159,7/04/2016 21:45,-33.855771,121.8653577
2159,7/04/2016 22:01,-33.8573887,121.8667394
2159,8/04/2016 3:31,-33.8421362,121.8497787
2159,8/04/2016 3:46,-33.8455981,121.8483163
2159,8/04/2016 4:02,-33.845654,121.8483168
2159,8/04/2016 4:17,-33.8456327,121.8483144
2159,8/04/2016 4:32,-33.8455878,121.8483254
2159,8/04/2016 4:47,-33.8450073,121.8490051
2159,8/04/2016 5:02,-33.84499,121.8491372
2159,8/04/2016 5:18,-33.8442777,121.8501708
2159,8/04/2016 5:33,-33.844436,121.8500293
2159,8/04/2016 5:48,-33.8442634,121.8506718
2159,8/04/2016 6:04,-33.8441954,121.8516635
2159,8/04/2016 6:19,-33.8398877,121.8597184
2159,8/04/2016 6:34,-33.8398979,121.8596654
2159,8/04/2016 6:49,-33.8399362,121.8596114
2159,8/04/2016 7:04,-33.8398371,121.8597648
2159,8/04/2016 7:20,-33.8399398,121.8596401
2159,8/04/2016 7:35,-33.8408045,121.8555507
2159,8/04/2016 7:50,-33.8422005,121.8534585
2159,8/04/2016 8:05,-33.8402153,121.8601528
2159,8/04/2016 8:20,-33.8404074,121.8605546
2159,8/04/2016 8:35,-33.8432083,121.8571663
2159,8/04/2016 8:50,-33.8432021,121.8570504
2159,8/04/2016 9:05,-33.8593171,121.864995
2159,8/04/2016 9:20,-33.8601747,121.8681424
2159,8/04/2016 9:36,-33.8590133,121.8690617
2159,8/04/2016 9:51,-33.8588687,121.8690837
2159,8/04/2016 10:06,-33.8554111,121.8645323
2159,8/04/2016 10:21,-33.8554353,121.8647549
2159,8/04/2016 10:51,-33.8553784,121.864563
2159,8/04/2016 11:22,-33.8554136,121.8644839
2159,8/04/2016 11:53,-33.8554638,121.8645694
2159,8/04/2016 12:24,-33.8555213,121.8645451
2159,8/04/2016 12:54,-33.855566,121.8645609
2159,8/04/2016 13:24,-33.8553932,121.8645258
2159,8/04/2016 13:55,-33.8555644,121.8646671
2159,8/04/2016 14:25,-33.8554893,121.8646134
2159,8/04/2016 14:55,-33.8553849,121.8644666
2159,8/04/2016 15:26,-33.8554537,121.8645365
2159,8/04/2016 15:56,-33.8553863,121.8646364
2159,8/04/2016 16:27,-33.8555277,121.8645753
2159,8/04/2016 16:57,-33.8554903,121.8645466
2159,8/04/2016 17:27,-33.8554716,121.8646054
2159,8/04/2016 17:57,-33.8554335,121.8646091
2159,8/04/2016 18:27,-33.8553872,121.8645367
2159,8/04/2016 18:57,-33.8554359,121.8645291
2159,8/04/2016 19:28,-33.8553868,121.864529
2159,8/04/2016 19:58,-33.8553921,121.8645518
2159,8/04/2016 20:29,-33.8554894,121.864563
2159,8/04/2016 20:59,-33.855428,121.8646918
2159,8/04/2016 21:29,-33.8554194,121.8645146
2159,8/04/2016 21:44,-33.8554202,121.8645405
2159,8/04/2016 21:59,-33.8573439,121.8668341
2159,8/04/2016 22:14,-33.8502758,121.8662917
2159,8/04/2016 22:29,-33.8406432,121.8612191
2159,8/04/2016 22:44,-33.8404369,121.8608844
2159,8/04/2016 22:59,-33.8404272,121.8609747
2159,8/04/2016 23:14,-33.8402099,121.8589673
2159,8/04/2016 23:29,-33.8421001,121.8562014
2159,8/04/2016 23:44,-33.8414459,121.8560775
2159,9/04/2016 0:00,-33.8419962,121.8573957
2159,9/04/2016 0:15,-33.8401774,121.8597188
2159,9/04/2016 0:30,-33.8402773,121.8597242
2159,9/04/2016 0:45,-33.8401544,121.8598006
2159,9/04/2016 1:00,-33.839553,121.8617807
2159,9/04/2016 1:15,-33.8388388,121.861204
2159,9/04/2016 1:30,-33.839062,121.8608923
2159,9/04/2016 1:45,-33.8386208,121.8604918
2159,9/04/2016 2:01,-33.8379848,121.8604214
2159,9/04/2016 2:16,-33.8379516,121.8602255
2159,9/04/2016 2:31,-33.8381082,121.8600589
2159,9/04/2016 2:46,-33.8379648,121.8601125
2159,9/04/2016 3:01,-33.8379196,121.860201
2159,9/04/2016 3:16,-33.8379155,121.8602908
2159,9/04/2016 3:31,-33.8378529,121.8601152
2159,9/04/2016 3:47,-33.8379516,121.8601608
2159,9/04/2016 4:02,-33.8381202,121.8599208
2159,9/04/2016 4:17,-33.8380551,121.8600548
2159,9/04/2016 4:32,-33.8399747,121.8595599
2159,9/04/2016 4:47,-33.8400338,121.8595177
2159,9/04/2016 5:02,-33.8400906,121.8577646
2159,9/04/2016 5:17,-33.8412145,121.8634556
2159,9/04/2016 5:32,-33.8413152,121.8634864
2159,9/04/2016 5:47,-33.8412333,121.8635249
2159,9/04/2016 6:02,-33.8411668,121.8596761
2159,9/04/2016 6:17,-33.8411302,121.8596498
2159,9/04/2016 6:33,-33.8410344,121.8602919
2159,9/04/2016 6:48,-33.8423554,121.8603402
2159,9/04/2016 7:03,-33.8422295,121.8608947
2159,9/04/2016 7:18,-33.8416066,121.8605753
2159,9/04/2016 7:33,-33.840664,121.8605577
2159,9/04/2016 7:49,-33.8416671,121.8604627
2159,9/04/2016 8:04,-33.8407883,121.8604043
2159,9/04/2016 8:19,-33.840636,121.8608359
2159,9/04/2016 8:35,-33.8431917,121.8571471
2159,9/04/2016 8:50,-33.8431954,121.8571845
2159,9/04/2016 9:05,-33.8406551,121.8528266
2159,9/04/2016 9:20,-33.8428012,121.8527004
2159,9/04/2016 9:35,-33.8503295,121.8579928
2159,9/04/2016 9:50,-33.8577711,121.8663533
2159,9/04/2016 10:05,-33.8578104,121.866319
2159,9/04/2016 10:20,-33.8577983,121.8663131
2159,9/04/2016 10:50,-33.8577513,121.8663156
2159,9/04/2016 11:20,-33.8578179,121.8662859
2159,9/04/2016 11:51,-33.857764,121.8663214
2159,9/04/2016 12:21,-33.8577803,121.866319
2159,9/04/2016 12:51,-33.8577505,121.8663174
2159,9/04/2016 13:21,-33.857658,121.8662822
2159,9/04/2016 13:51,-33.8577203,121.8663171
2159,9/04/2016 14:22,-33.857929,121.8666944
2159,9/04/2016 14:52,-33.8577303,121.8663049
2159,9/04/2016 15:22,-33.8576218,121.866263
2159,9/04/2016 15:52,-33.8577515,121.8663018
2159,9/04/2016 16:23,-33.8577596,121.866318
2159,9/04/2016 16:53,-33.8577414,121.8663097
2159,9/04/2016 17:24,-33.8577235,121.8662532
2159,9/04/2016 17:55,-33.8577339,121.8663038
2159,9/04/2016 18:25,-33.8576296,121.8661906
2159,9/04/2016 18:55,-33.8577144,121.8663208
2159,9/04/2016 19:25,-33.8577722,121.8663385
2159,9/04/2016 19:56,-33.8576474,121.8663507
2159,9/04/2016 20:57,-33.8577203,121.8663236
2159,9/04/2016 21:27,-33.8577614,121.8663541
2159,9/04/2016 21:42,-33.8577436,121.866358
2159,9/04/2016 21:57,-33.8574087,121.8667955
2159,9/04/2016 22:12,-33.8564447,121.8704676
2159,9/04/2016 22:27,-33.8538726,121.8695661
2159,9/04/2016 22:42,-33.8371591,121.8651658
2159,9/04/2016 22:57,-33.835105,121.8669166
2159,9/04/2016 23:12,-33.8316189,121.8647877
2159,9/04/2016 23:27,-33.8322318,121.8625846
2159,9/04/2016 23:42,-33.8345034,121.8611278
2159,9/04/2016 23:58,-33.8380964,121.8626256
2159,10/04/2016 0:13,-33.8386259,121.8638611
2159,10/04/2016 0:28,-33.8370942,121.8655025
2159,10/04/2016 0:43,-33.837038,121.8655168
2159,10/04/2016 0:58,-33.8367041,121.8661536
2159,10/04/2016 1:13,-33.8367757,121.866233
2159,10/04/2016 1:28,-33.8364588,121.8716297
2159,10/04/2016 1:43,-33.8338929,121.8774144
2159,10/04/2016 1:58,-33.8300122,121.8849898
2159,10/04/2016 2:13,-33.8310748,121.8864763
2159,10/04/2016 2:29,-33.8310065,121.8864065
2159,10/04/2016 2:44,-33.8311237,121.8864828
2159,10/04/2016 2:59,-33.8309013,121.8864651
2159,10/04/2016 3:14,-33.8313264,121.8864938
2159,10/04/2016 3:29,-33.8316032,121.8866202
2159,10/04/2016 3:44,-33.8317314,121.8865378
2159,10/04/2016 3:59,-33.831406,121.8865983
2159,10/04/2016 4:14,-33.831387,121.8865148
2159,10/04/2016 4:29,-33.831054,121.8866465
2159,10/04/2016 4:44,-33.8310723,121.8866391
2159,10/04/2016 4:59,-33.8311017,121.8866159
2159,10/04/2016 5:14,-33.8306903,121.8865727
2159,10/04/2016 5:29,-33.8308241,121.8864512
2159,10/04/2016 5:44,-33.8307779,121.8865002
2159,10/04/2016 5:59,-33.8307989,121.8864607
2159,10/04/2016 6:14,-33.8308014,121.8865339
2159,10/04/2016 6:30,-33.8308206,121.8865486
2159,10/04/2016 6:45,-33.8371879,121.8650873
2159,10/04/2016 7:00,-33.8400824,121.8609872
2159,10/04/2016 7:15,-33.8406268,121.8613164
2159,10/04/2016 7:30,-33.8404792,121.8612119
2159,10/04/2016 7:45,-33.8405496,121.8610841
2159,10/04/2016 8:00,-33.8421816,121.8631664
2159,10/04/2016 8:15,-33.8433346,121.8642334
2159,10/04/2016 8:30,-33.8469121,121.8743852
2159,10/04/2016 8:45,-33.8398696,121.8783768
2159,10/04/2016 9:00,-33.8597587,121.8667128
2159,10/04/2016 9:15,-33.8594291,121.8661994
2159,10/04/2016 9:30,-33.8609453,121.8688922
2159,10/04/2016 9:46,-33.8608594,121.8687011
2159,10/04/2016 10:01,-33.86129,121.8703182
2159,10/04/2016 10:16,-33.8613186,121.8702927
2159,10/04/2016 10:46,-33.8613131,121.8703124
2159,10/04/2016 11:16,-33.8613123,121.8702587
2159,10/04/2016 11:46,-33.8613164,121.8702543
2159,10/04/2016 12:16,-33.8613339,121.8702709
2159,10/04/2016 12:46,-33.8613693,121.8703008
2159,10/04/2016 13:17,-33.861457,121.870292
2159,10/04/2016 13:47,-33.8613408,121.8703144
2159,10/04/2016 14:17,-33.8613302,121.8702534
2159,10/04/2016 14:47,-33.8612592,121.8700439
2159,10/04/2016 15:18,-33.8613412,121.8702635
2159,10/04/2016 15:48,-33.861349,121.8702708
2159,10/04/2016 16:18,-33.8613565,121.8702417
2159,10/04/2016 16:48,-33.8612915,121.8702311
2159,10/04/2016 17:19,-33.861324,121.8703232
2159,10/04/2016 17:49,-33.8613009,121.8702448
2159,10/04/2016 18:19,-33.8612903,121.8701977
2159,10/04/2016 18:50,-33.8613188,121.870258
2159,10/04/2016 19:20,-33.8612368,121.8700148
2159,10/04/2016 19:51,-33.8612957,121.8702755
2159,10/04/2016 20:21,-33.8613406,121.8703142
2159,10/04/2016 20:51,-33.8612128,121.8703679
2159,11/04/2016 6:21,-33.7922014,121.8576621
2159,11/04/2016 6:36,-33.7874437,121.8458614
2159,11/04/2016 6:51,-33.7874444,121.8458515
2159,11/04/2016 7:06,-33.7873955,121.845808
2159,11/04/2016 7:21,-33.7874814,121.8459852
2159,11/04/2016 7:36,-33.792836,121.8488183
2159,11/04/2016 7:51,-33.8055666,121.8508734
2159,11/04/2016 8:06,-33.8408565,121.8526701
2159,11/04/2016 8:21,-33.8422999,121.855063
2159,11/04/2016 8:36,-33.8463324,121.8535764
2159,11/04/2016 8:51,-33.862798,121.854725
2159,11/04/2016 9:06,-33.8608662,121.8680235
2159,11/04/2016 9:22,-33.8585852,121.8692922
2159,11/04/2016 9:36,-33.8588676,121.8690872
2159,11/04/2016 9:51,-33.8574124,121.8666314
2159,11/04/2016 10:07,-33.8577105,121.8670162
2159,11/04/2016 10:22,-33.8577387,121.8671386
2159,11/04/2016 10:52,-33.8577117,121.8670891
2159,11/04/2016 11:22,-33.8576722,121.8670326
2159,11/04/2016 11:52,-33.857609,121.8670379
2159,11/04/2016 12:23,-33.8576491,121.8669949
2159,11/04/2016 12:53,-33.8576846,121.8670357
2159,11/04/2016 13:23,-33.8575094,121.8670055
2159,11/04/2016 13:54,-33.8577261,121.8670356
2159,11/04/2016 14:24,-33.8577048,121.8670225
2159,11/04/2016 14:54,-33.8577177,121.867074
2159,11/04/2016 15:24,-33.8577392,121.8669933
2159,11/04/2016 15:54,-33.857794,121.8669551
2159,11/04/2016 16:25,-33.857678,121.8670466
2159,11/04/2016 16:55,-33.8576636,121.867034
2159,11/04/2016 17:25,-33.8576937,121.8670074
2159,11/04/2016 17:55,-33.8577115,121.8670355
2159,11/04/2016 18:25,-33.8577082,121.8670045
2159,11/04/2016 18:55,-33.8577858,121.8668792
2159,11/04/2016 19:25,-33.8576993,121.8670755
2159,11/04/2016 19:55,-33.8577,121.8670057
2159,11/04/2016 20:26,-33.8577047,121.8670996
2159,11/04/2016 20:57,-33.8576813,121.8669796
2159,11/04/2016 21:27,-33.85771,121.8670446
2159,11/04/2016 21:42,-33.8576714,121.8670558
2159,11/04/2016 21:57,-33.8576381,121.8669901
2159,11/04/2016 22:12,-33.8578137,121.8693082
2159,11/04/2016 22:27,-33.8538833,121.8707621
2159,11/04/2016 22:42,-33.853435,121.8771663
2159,11/04/2016 22:57,-33.8379163,121.8771517
2159,11/04/2016 23:12,-33.8313155,121.8759172
2159,11/04/2016 23:28,-33.8317851,121.8693096
2159,11/04/2016 23:43,-33.8370422,121.8649331
2159,11/04/2016 23:58,-33.8370014,121.8649466
2159,12/04/2016 0:13,-33.8353529,121.8686106
2159,12/04/2016 0:28,-33.8358261,121.869413
2159,12/04/2016 0:43,-33.8372242,121.8677331
2159,12/04/2016 0:58,-33.8351746,121.8703166
2159,12/04/2016 1:13,-33.8349942,121.8750025
2159,12/04/2016 1:28,-33.8349389,121.8764604
2159,12/04/2016 1:44,-33.8338351,121.8771405
2159,12/04/2016 1:59,-33.8274989,121.8797931
2159,12/04/2016 2:14,-33.8230313,121.8840643
2159,12/04/2016 2:29,-33.8098024,121.8854796
2159,12/04/2016 2:44,-33.7981605,121.8651466
2159,12/04/2016 2:59,-33.7947914,121.8639856
2159,12/04/2016 3:14,-33.7907795,121.8645662
2159,12/04/2016 3:29,-33.7873919,121.8458871
2159,12/04/2016 3:44,-33.7876836,121.8474255
2159,12/04/2016 3:59,-33.7876918,121.8477335
2159,12/04/2016 4:15,-33.7878089,121.8474344
2159,12/04/2016 4:30,-33.7876733,121.8474104
2159,12/04/2016 4:45,-33.7877321,121.8474818
2159,12/04/2016 5:00,-33.7876716,121.8475537
2159,12/04/2016 5:15,-33.7858902,121.850474
2159,12/04/2016 5:30,-33.7858835,121.8524708
2159,12/04/2016 5:45,-33.785701,121.8528247
2159,12/04/2016 6:00,-33.7837621,121.8505361
2159,12/04/2016 6:15,-33.7845499,121.848455
2159,12/04/2016 6:31,-33.7837987,121.8482824
2159,12/04/2016 6:46,-33.780623,121.857792
2159,12/04/2016 7:01,-33.7839552,121.8626213
2159,12/04/2016 7:16,-33.8054545,121.8627836
2159,12/04/2016 7:31,-33.8223591,121.8538703
2159,12/04/2016 7:47,-33.8402627,121.8600245
2159,12/04/2016 8:02,-33.8401986,121.8601351
2159,12/04/2016 8:17,-33.8416975,121.8559449
2159,12/04/2016 8:33,-33.8414842,121.8560002
2159,12/04/2016 8:47,-33.8405042,121.8552831
2159,12/04/2016 9:02,-33.854417,121.8612756
2159,12/04/2016 9:17,-33.8554167,121.8617864
2159,12/04/2016 9:32,-33.857655,121.8665343
2159,12/04/2016 9:47,-33.857595,121.8663688
2159,12/04/2016 10:03,-33.8578282,121.866617
2159,12/04/2016 10:18,-33.8580711,121.8664582
2159,12/04/2016 10:49,-33.8575693,121.8665889
2159,12/04/2016 11:21,-33.8573869,121.8664437
2159,12/04/2016 11:51,-33.8575953,121.8665713
2159,12/04/2016 12:21,-33.8575543,121.8665856
2159,12/04/2016 12:52,-33.857645,121.8664971
2159,12/04/2016 13:22,-33.8575715,121.8665662
2159,12/04/2016 13:52,-33.8575673,121.8665441
2159,12/04/2016 14:22,-33.8575991,121.8665104
2159,12/04/2016 14:53,-33.8575675,121.8665125
2159,12/04/2016 15:23,-33.8576721,121.8665935
2159,12/04/2016 15:53,-33.8574574,121.8664849
2159,12/04/2016 16:23,-33.8575642,121.8665503
2159,12/04/2016 16:54,-33.8575346,121.8665195
2159,14/04/2016 1:22,-33.8434071,121.8494026
2159,14/04/2016 1:37,-33.845226,121.8482056
2159,14/04/2016 1:53,-33.8453779,121.8470139
2159,14/04/2016 2:08,-33.8458456,121.8467911
2159,14/04/2016 2:23,-33.8465043,121.8468168
2159,14/04/2016 2:38,-33.8467589,121.846796
2159,14/04/2016 2:52,-33.8468435,121.8467932
2159,14/04/2016 3:07,-33.8474506,121.8468681
2159,14/04/2016 3:22,-33.8474647,121.8483206
2159,14/04/2016 3:38,-33.8471515,121.8482074
2159,14/04/2016 3:53,-33.8441683,121.8513437
2159,14/04/2016 4:10,-33.8438301,121.8510257
2159,14/04/2016 4:25,-33.8438908,121.8509876
2159,14/04/2016 4:40,-33.84348,121.8513923
2159,14/04/2016 4:55,-33.8435398,121.8513572
2159,14/04/2016 5:10,-33.8436207,121.851388
2159,14/04/2016 5:25,-33.8436355,121.8511692
2159,14/04/2016 5:40,-33.8446449,121.8517566
2159,14/04/2016 5:55,-33.844849,121.8518695
2159,14/04/2016 6:10,-33.8397896,121.860793
2159,14/04/2016 6:25,-33.8397785,121.8608891
2159,14/04/2016 6:40,-33.8395853,121.8612551
2159,14/04/2016 6:56,-33.8403837,121.8617486
2159,14/04/2016 7:11,-33.8404805,121.8610209
2159,14/04/2016 7:26,-33.8441017,121.8564981
2159,14/04/2016 7:41,-33.8434676,121.8578808
2159,14/04/2016 7:56,-33.8404108,121.8607135
2159,14/04/2016 8:11,-33.8404406,121.8607175
2159,14/04/2016 8:26,-33.8404023,121.8606794
2159,14/04/2016 8:41,-33.8411551,121.8610134
2159,14/04/2016 8:56,-33.8414798,121.8627962
2159,14/04/2016 9:11,-33.8404685,121.8641146
2159,14/04/2016 9:27,-33.8572793,121.8668598
2159,14/04/2016 9:42,-33.8574611,121.8691254
2159,14/04/2016 9:57,-33.8572974,121.869422
2159,14/04/2016 10:12,-33.8586419,121.8695473
2159,14/04/2016 10:27,-33.858621,121.8695759
2159,14/04/2016 10:57,-33.858647,121.8695686
2159,14/04/2016 11:28,-33.8586218,121.8696703
2159,14/04/2016 11:58,-33.8586526,121.8695666
2159,14/04/2016 12:28,-33.8586583,121.8695518
2159,14/04/2016 12:57,-33.8586463,121.869431
2159,14/04/2016 13:28,-33.8585945,121.8694639
2159,14/04/2016 13:59,-33.8586807,121.8696972
2159,14/04/2016 14:29,-33.8586162,121.8696319
2159,14/04/2016 14:59,-33.8586022,121.8697325
2159,14/04/2016 15:30,-33.8585912,121.8693996
2159,14/04/2016 16:00,-33.8586368,121.8695769
2159,14/04/2016 16:30,-33.8584409,121.8695609
2159,14/04/2016 17:01,-33.8586443,121.8696682
2159,14/04/2016 17:31,-33.8586408,121.8695298
2159,14/04/2016 18:01,-33.8586215,121.8696936
2159,14/04/2016 18:32,-33.8587944,121.8692989
2159,14/04/2016 19:02,-33.8586129,121.8695352
2159,14/04/2016 19:32,-33.8586853,121.8695434
2159,14/04/2016 20:04,-33.8583781,121.8696173
2159,14/04/2016 20:35,-33.8586239,121.8695215
2159,14/04/2016 21:05,-33.8587363,121.8694938
2159,14/04/2016 21:30,-33.85875,121.8695011
2159,14/04/2016 21:45,-33.8580492,121.8693213
2159,14/04/2016 22:00,-33.8575557,121.8671097
2159,14/04/2016 22:15,-33.8546998,121.8649183
2159,14/04/2016 22:30,-33.8436705,121.8602103
2159,14/04/2016 22:45,-33.8436062,121.8599672
2159,14/04/2016 23:00,-33.8404483,121.860879
2159,14/04/2016 23:15,-33.8405045,121.8604854
2159,14/04/2016 23:31,-33.8406034,121.860513
2159,14/04/2016 23:46,-33.8402083,121.8606816
2159,15/04/2016 0:01,-33.8395988,121.8618029
2159,15/04/2016 0:16,-33.8396111,121.8618533
2159,15/04/2016 0:31,-33.8377815,121.8597992
2159,15/04/2016 0:46,-33.8371081,121.8589133
2159,15/04/2016 1:01,-33.8364806,121.8583912
2159,15/04/2016 1:16,-33.8361028,121.8592687
2159,15/04/2016 1:32,-33.8373256,121.8602706
2159,15/04/2016 1:47,-33.8378028,121.860937
2159,15/04/2016 2:02,-33.8388209,121.8607931
2159,15/04/2016 2:17,-33.838209,121.8597673
2159,15/04/2016 2:31,-33.8428745,121.8500134
2159,15/04/2016 2:47,-33.8475304,121.8503151
2159,15/04/2016 3:02,-33.847481,121.8503494
2159,15/04/2016 3:17,-33.8474207,121.8516863
2159,15/04/2016 3:32,-33.8460804,121.8518487
2159,15/04/2016 3:47,-33.8455507,121.8519556
2159,15/04/2016 4:02,-33.8446385,121.8512751
2159,15/04/2016 4:17,-33.835347,121.8574592
2159,15/04/2016 4:32,-33.8359722,121.8574259
2159,15/04/2016 4:47,-33.8386206,121.855666
2159,15/04/2016 5:02,-33.8384422,121.8560282
2159,15/04/2016 5:17,-33.8384272,121.8560522
2159,15/04/2016 5:32,-33.8384348,121.8560697
2159,15/04/2016 5:47,-33.8393998,121.8572682
2159,15/04/2016 6:02,-33.841709,121.8505411
2159,15/04/2016 6:18,-33.8425189,121.8490527
2159,15/04/2016 6:33,-33.842679,121.849041
2159,15/04/2016 6:48,-33.8356071,121.8594112
2159,15/04/2016 7:04,-33.8406257,121.8614211
2159,15/04/2016 7:19,-33.8416805,121.8638409
2159,15/04/2016 7:34,-33.8386341,121.8638556
2159,15/04/2016 7:49,-33.846634,121.8589041
2159,15/04/2016 8:04,-33.8628256,121.8546724
2159,15/04/2016 8:19,-33.8628211,121.8546789
2159,15/04/2016 8:34,-33.8627023,121.8545777
2159,15/04/2016 8:48,-33.8626723,121.854582
2159,15/04/2016 9:03,-33.8629222,121.8547868
2159,15/04/2016 9:19,-33.8624191,121.8593111
2159,15/04/2016 9:34,-33.8605879,121.867836
2159,15/04/2016 9:48,-33.86148,121.8703463
2159,15/04/2016 10:04,-33.861598,121.8806173
2159,15/04/2016 10:19,-33.861188,121.8804804
2159,15/04/2016 10:49,-33.8612885,121.8805167
2159,15/04/2016 11:20,-33.8611193,121.8805349
2159,15/04/2016 11:50,-33.861127,121.8804274
2159,15/04/2016 12:20,-33.8609426,121.8807387
2159,15/04/2016 12:51,-33.8612206,121.8804637
2159,15/04/2016 13:21,-33.8612268,121.8804255
2159,15/04/2016 13:51,-33.8611404,121.8804541
2159,15/04/2016 14:21,-33.861097,121.8804624
2159,15/04/2016 14:51,-33.8612379,121.880402
2159,15/04/2016 15:22,-33.8612542,121.8802486
2159,15/04/2016 15:52,-33.8611887,121.8804689
2159,15/04/2016 16:22,-33.8611452,121.8806415
2159,15/04/2016 16:52,-33.8611996,121.880452
2159,15/04/2016 17:23,-33.8611774,121.8804527
2159,15/04/2016 17:55,-33.8611641,121.8804515
2159,15/04/2016 18:27,-33.8611905,121.8804709
2159,15/04/2016 18:57,-33.8611669,121.8805195
2159,15/04/2016 19:27,-33.861232,121.8803986
2159,15/04/2016 19:58,-33.8611932,121.8804519
2159,15/04/2016 20:28,-33.8610308,121.8804513
2159,15/04/2016 20:58,-33.8611875,121.8804592
2159,15/04/2016 21:28,-33.8612231,121.8805356
2159,15/04/2016 21:44,-33.8613299,121.8803289
2159,15/04/2016 21:59,-33.8612298,121.8804792
2159,15/04/2016 22:13,-33.8574585,121.867674
2159,15/04/2016 22:28,-33.8584456,121.8598856
2159,15/04/2016 22:43,-33.8627509,121.8545947
2159,15/04/2016 22:58,-33.8632838,121.8438977
2159,15/04/2016 23:13,-33.8643456,121.8407934
2159,15/04/2016 23:28,-33.8591908,121.8286591
2159,15/04/2016 23:44,-33.8557675,121.8318565
2159,15/04/2016 23:59,-33.8563434,121.8445893
2159,16/04/2016 0:15,-33.8532509,121.8477783
2159,16/04/2016 0:30,-33.8395529,121.8608257
2159,16/04/2016 0:45,-33.8398371,121.8609501
2159,16/04/2016 1:00,-33.8367246,121.8660964
2159,16/04/2016 1:15,-33.8359455,121.869528
2159,16/04/2016 1:30,-33.833167,121.8725696
2159,16/04/2016 1:46,-33.8332723,121.8764526
2159,16/04/2016 2:01,-33.8400402,121.8784571
2159,16/04/2016 2:16,-33.8400207,121.8784368
2159,16/04/2016 2:31,-33.8396056,121.8796295
2159,16/04/2016 2:46,-33.8399104,121.878441
2159,16/04/2016 3:01,-33.8400074,121.8783001
2159,16/04/2016 3:16,-33.8401164,121.8761268
2159,16/04/2016 3:31,-33.8384527,121.8692245
2159,16/04/2016 3:46,-33.8369271,121.8698847
2159,16/04/2016 4:02,-33.8387007,121.8559259
2159,16/04/2016 4:17,-33.8386189,121.8560527
2159,16/04/2016 4:33,-33.8386736,121.8559675
2159,16/04/2016 4:48,-33.8387236,121.8559466
2159,16/04/2016 5:02,-33.838618,121.8556549
2159,16/04/2016 5:17,-33.8389161,121.8558631
2159,16/04/2016 5:33,-33.8391064,121.855218
2159,16/04/2016 5:48,-33.8396657,121.8539584
2159,16/04/2016 6:03,-33.8398556,121.8539571
2159,16/04/2016 6:18,-33.840277,121.8601031
2159,16/04/2016 6:33,-33.8401579,121.8601238
2159,16/04/2016 6:48,-33.8401988,121.8601853
2159,16/04/2016 7:03,-33.8401524,121.8602399
2159,16/04/2016 7:18,-33.8404707,121.8606239
2159,16/04/2016 7:34,-33.840341,121.8608193
2159,16/04/2016 7:49,-33.8407332,121.8549841
2159,16/04/2016 8:03,-33.8406447,121.8551495
2159,16/04/2016 8:18,-33.8408634,121.8590242
2159,16/04/2016 8:33,-33.8400132,121.8596393
2159,16/04/2016 8:49,-33.8407801,121.8583188
2159,16/04/2016 9:05,-33.8415153,121.8560045
2159,16/04/2016 9:19,-33.8502366,121.8610278
2159,16/04/2016 9:35,-33.8578447,121.8662375
2159,16/04/2016 9:50,-33.8575347,121.8666778
2159,16/04/2016 10:05,-33.8575618,121.8666162
2159,16/04/2016 10:20,-33.8575839,121.8666029
2159,16/04/2016 10:50,-33.8575911,121.866634
2159,16/04/2016 11:20,-33.8575303,121.8665762
2159,16/04/2016 11:50,-33.8575121,121.8666457
2159,16/04/2016 12:21,-33.8576223,121.8666093
2159,16/04/2016 12:52,-33.8575308,121.8666497
2159,16/04/2016 13:22,-33.8576554,121.8665313
2159,16/04/2016 13:52,-33.8575241,121.8666152
2159,16/04/2016 14:22,-33.8576304,121.8666081
2159,16/04/2016 14:53,-33.8576344,121.8666345
2159,16/04/2016 15:23,-33.8575509,121.8665873
2159,16/04/2016 15:53,-33.8575712,121.8665786
2159,16/04/2016 16:23,-33.857588,121.8665744
2159,16/04/2016 16:53,-33.857597,121.8666539
2159,16/04/2016 17:24,-33.8575826,121.8666178
2159,16/04/2016 17:54,-33.8575791,121.8666175
2159,16/04/2016 18:25,-33.8575414,121.8666633
2159,16/04/2016 18:55,-33.8575254,121.8666479
2159,16/04/2016 19:25,-33.8575887,121.8665863
2159,16/04/2016 19:55,-33.857585,121.8666017
2159,16/04/2016 20:25,-33.857613,121.8665522
2159,16/04/2016 20:56,-33.8575686,121.8666616
2159,16/04/2016 21:26,-33.8575606,121.8665877
2159,16/04/2016 21:41,-33.8575957,121.8665531
2159,16/04/2016 21:56,-33.8575989,121.8665628
2159,16/04/2016 22:11,-33.8577644,121.8691078
2159,16/04/2016 22:26,-33.855867,121.8698812
2159,16/04/2016 22:42,-33.854129,121.8695605
2159,16/04/2016 22:57,-33.85397,121.8699137
2159,16/04/2016 23:12,-33.8462293,121.8692434
2159,16/04/2016 23:27,-33.8381281,121.8626585
2159,16/04/2016 23:42,-33.8368292,121.8570206
2159,16/04/2016 23:57,-33.8374923,121.8556322
2159,17/04/2016 0:12,-33.8361522,121.8535996
2159,17/04/2016 0:27,-33.8379815,121.8565547
2159,17/04/2016 0:42,-33.8282573,121.8521376
2159,17/04/2016 0:57,-33.823234,121.8483966
2159,17/04/2016 1:12,-33.8228991,121.8486196
2159,17/04/2016 1:28,-33.820743,121.8485917
2159,17/04/2016 1:43,-33.7878941,121.8476289
2159,17/04/2016 1:58,-33.7875569,121.847607
2159,17/04/2016 2:13,-33.7880409,121.8479882
2159,17/04/2016 2:28,-33.7876767,121.8482232
2159,17/04/2016 2:44,-33.7881073,121.8485025
2159,17/04/2016 3:00,-33.7877888,121.84817
2159,17/04/2016 3:15,-33.7895884,121.8499245
2159,17/04/2016 3:30,-33.7888437,121.8488652
2159,17/04/2016 3:45,-33.7904862,121.8489448
2159,17/04/2016 4:00,-33.7906921,121.8487329
2159,17/04/2016 4:15,-33.7849729,121.8486302
2159,17/04/2016 4:30,-33.7836176,121.8479832
2159,17/04/2016 4:45,-33.7838246,121.8482892
2159,17/04/2016 5:00,-33.7837351,121.848273
2159,17/04/2016 5:15,-33.7844224,121.8482933
2159,17/04/2016 5:30,-33.783849,121.8482861
2159,17/04/2016 5:45,-33.7841814,121.8465187
2159,17/04/2016 6:00,-33.7834486,121.8493813
2159,17/04/2016 6:16,-33.784879,121.8491981
2159,17/04/2016 6:31,-33.7851805,121.8501616
2159,17/04/2016 6:46,-33.7836478,121.8510379
2159,17/04/2016 7:01,-33.7823466,121.8488032
2159,17/04/2016 7:16,-33.7792927,121.8486554
2159,17/04/2016 7:31,-33.776478,121.8492849
2159,17/04/2016 7:46,-33.7718555,121.8493681
2159,17/04/2016 8:01,-33.7753519,121.8529486
2159,17/04/2016 8:16,-33.7788211,121.8533343
2159,17/04/2016 8:32,-33.7961231,121.8504071
2159,17/04/2016 8:47,-33.8254943,121.8499653
2159,17/04/2016 9:02,-33.8400379,121.8602394
2159,17/04/2016 9:17,-33.8401907,121.8601061
2159,17/04/2016 9:33,-33.8575146,121.8691518
2159,17/04/2016 9:48,-33.8575307,121.8691228
2159,17/04/2016 10:03,-33.8576867,121.8670819
2159,17/04/2016 10:18,-33.8578239,121.8670759
2159,17/04/2016 10:48,-33.8577123,121.8671195
2159,17/04/2016 11:18,-33.8576401,121.8672882
2159,17/04/2016 11:48,-33.857572,121.8669827
2159,17/04/2016 12:19,-33.8577115,121.8670841
2159,17/04/2016 12:49,-33.8576963,121.8670482
2159,17/04/2016 13:19,-33.8574719,121.8672805
2159,18/04/2016 6:06,-33.8399435,121.8608171
2159,18/04/2016 6:21,-33.8400252,121.8608793
2159,18/04/2016 6:36,-33.8405839,121.8611664
2159,18/04/2016 6:51,-33.8405293,121.86107
2159,18/04/2016 7:06,-33.8442953,121.8609926
2159,18/04/2016 7:21,-33.8459904,121.8596815
2159,18/04/2016 7:36,-33.8480185,121.8568281
2159,18/04/2016 7:51,-33.8567854,121.8546149
2159,18/04/2016 8:06,-33.8580332,121.8558372
2159,18/04/2016 8:21,-33.8622933,121.8573988
2159,18/04/2016 8:36,-33.8628677,121.8547195
2159,18/04/2016 8:51,-33.8629451,121.8545605
2159,18/04/2016 9:07,-33.86286,121.8545589
2159,18/04/2016 9:22,-33.8601082,121.8622232
2159,18/04/2016 9:37,-33.8581591,121.8642018
2159,18/04/2016 9:52,-33.8568036,121.8647729
2159,18/04/2016 10:07,-33.8567891,121.8646627
2159,18/04/2016 10:23,-33.8568603,121.8646571
2159,18/04/2016 10:53,-33.8564207,121.864668
2159,18/04/2016 11:24,-33.856297,121.8649145
2159,18/04/2016 11:54,-33.8567868,121.8646422
2159,18/04/2016 12:25,-33.8567792,121.8646458
2159,18/04/2016 12:55,-33.8567703,121.8646229
2159,18/04/2016 13:25,-33.8567729,121.8646797
2159,18/04/2016 13:55,-33.8567976,121.8646398
2159,18/04/2016 14:26,-33.8567869,121.8646173
2159,18/04/2016 14:57,-33.8568257,121.8646611
2159,18/04/2016 15:27,-33.8567688,121.8646481
2159,18/04/2016 15:57,-33.8567407,121.8646981
2159,18/04/2016 16:27,-33.8566201,121.864663
2159,18/04/2016 16:58,-33.8567613,121.8645362
2159,18/04/2016 17:27,-33.85676,121.8646283
2159,18/04/2016 17:58,-33.8567731,121.8646738
2159,18/04/2016 18:28,-33.856731,121.8646664
2159,18/04/2016 18:58,-33.856749,121.8646892
2159,18/04/2016 19:28,-33.8567849,121.8646593
2159,18/04/2016 19:58,-33.8567805,121.8646696
2159,18/04/2016 20:28,-33.856759,121.8647004
2159,18/04/2016 20:58,-33.8567554,121.8646299
2159,18/04/2016 21:29,-33.856781,121.8646053
2159,18/04/2016 21:44,-33.8567733,121.8646272
2159,18/04/2016 21:59,-33.8567797,121.8646587
2159,18/04/2016 22:15,-33.8573324,121.8668931
2159,20/04/2016 5:13,-33.8575039,121.8899973
2159,20/04/2016 5:28,-33.8570611,121.8890247
2159,20/04/2016 5:43,-33.8562266,121.8874623
2159,20/04/2016 5:58,-33.8574293,121.8899288
2159,20/04/2016 6:13,-33.8575486,121.8900176
2159,20/04/2016 6:28,-33.8575665,121.8899239
2159,20/04/2016 6:43,-33.8575111,121.8900281
2159,20/04/2016 6:58,-33.8569336,121.8879976
2159,20/04/2016 7:14,-33.8599885,121.8851407
2159,20/04/2016 7:29,-33.8600066,121.8850914
2159,20/04/2016 7:44,-33.8600746,121.8850859
2159,20/04/2016 7:59,-33.8598968,121.8852183
2159,20/04/2016 8:14,-33.8606498,121.885778
2159,20/04/2016 8:29,-33.8611278,121.8835414
2159,20/04/2016 8:44,-33.8606413,121.8809599
2159,20/04/2016 9:00,-33.860078,121.8682704
2159,20/04/2016 9:15,-33.8609439,121.8691615
2159,20/04/2016 9:30,-33.8602756,121.8697353
2159,20/04/2016 9:45,-33.8600949,121.8700188
2159,20/04/2016 10:00,-33.8600768,121.8698298
2159,20/04/2016 10:15,-33.8600743,121.8697404
2159,20/04/2016 10:30,-33.8601234,121.8697878
2159,20/04/2016 11:00,-33.8599406,121.8696819
2159,20/04/2016 11:30,-33.860022,121.8697067
2159,20/04/2016 12:01,-33.8600701,121.8698647
2159,20/04/2016 12:31,-33.8601292,121.8698247
2159,20/04/2016 13:01,-33.8601125,121.8697083
2159,20/04/2016 13:31,-33.8601344,121.8697998
2159,20/04/2016 14:02,-33.8604739,121.8699789
2159,20/04/2016 14:32,-33.8602199,121.86987
2159,20/04/2016 15:03,-33.8599907,121.8696473
2159,20/04/2016 15:33,-33.8601335,121.8698056
2159,20/04/2016 16:03,-33.860119,121.8697625
2159,20/04/2016 16:33,-33.8600505,121.8697498
2159,20/04/2016 17:03,-33.8599164,121.8697303
2159,20/04/2016 17:33,-33.8601248,121.8698243
2159,20/04/2016 18:04,-33.8601157,121.8697623
2159,20/04/2016 18:34,-33.8600831,121.8698027
2159,20/04/2016 19:04,-33.8600121,121.8698307
2159,20/04/2016 19:34,-33.8601483,121.8696363
2159,20/04/2016 20:05,-33.8600961,121.8697779
2159,20/04/2016 20:35,-33.8600977,121.8697081
2159,20/04/2016 21:05,-33.8601275,121.8696899
2159,20/04/2016 21:30,-33.8600419,121.8693359
2159,21/04/2016 5:16,-33.8399849,121.8599291
2159,21/04/2016 5:31,-33.840529,121.8601883
2159,21/04/2016 5:46,-33.8399979,121.8598291
2159,21/04/2016 6:01,-33.8400264,121.85976
2159,21/04/2016 6:17,-33.8413487,121.8601169
2159,21/04/2016 6:32,-33.8421699,121.8609087
2159,21/04/2016 6:47,-33.8407237,121.8605807
2159,21/04/2016 7:03,-33.8416793,121.8627758
2159,21/04/2016 7:18,-33.8435923,121.8639195
2159,21/04/2016 7:33,-33.8403207,121.8607687
2159,21/04/2016 7:48,-33.8402844,121.8607221
2159,21/04/2016 8:03,-33.8402878,121.8607621
2159,21/04/2016 8:18,-33.8395981,121.861814
2159,21/04/2016 8:33,-33.8406577,121.8631813
2159,21/04/2016 8:48,-33.8408211,121.8638084
2159,21/04/2016 9:03,-33.8536744,121.8659878
2159,21/04/2016 9:18,-33.8584176,121.8679249
2159,21/04/2016 9:33,-33.8575469,121.8691265
2159,21/04/2016 9:48,-33.8554632,121.8645897
2159,21/04/2016 10:04,-33.8577896,121.866778
2159,21/04/2016 10:19,-33.8577738,121.8667579
2159,21/04/2016 10:49,-33.8577796,121.8668227
2159,21/04/2016 11:19,-33.8577519,121.8666279
2159,21/04/2016 11:49,-33.8577704,121.8668454
2159,21/04/2016 12:20,-33.8577367,121.8668353
2159,21/04/2016 12:50,-33.8577142,121.866781
2159,21/04/2016 13:20,-33.8585682,121.8669085
2159,21/04/2016 13:51,-33.8577515,121.8667372
2159,21/04/2016 14:21,-33.857734,121.8667397
2159,21/04/2016 14:51,-33.8577621,121.8667512
2159,21/04/2016 15:21,-33.857726,121.8668175
2159,21/04/2016 15:51,-33.8578152,121.8667447
2159,21/04/2016 16:21,-33.8580393,121.8666702
2159,21/04/2016 16:52,-33.8578099,121.8667714
2159,21/04/2016 17:22,-33.8577901,121.8667715
2159,21/04/2016 17:52,-33.8577999,121.8667615
2159,21/04/2016 18:22,-33.8578092,121.8667124
2159,21/04/2016 18:52,-33.8578165,121.8667126
2159,21/04/2016 19:22,-33.8578026,121.8667925
2159,21/04/2016 19:52,-33.8577666,121.8667638
2159,21/04/2016 20:23,-33.857784,121.86681
2159,21/04/2016 20:53,-33.8577586,121.8667607
2159,21/04/2016 21:23,-33.8578051,121.8667511
2159,21/04/2016 21:38,-33.857775,121.8668012
2159,21/04/2016 21:54,-33.8577366,121.8668181
2159,22/04/2016 2:39,-33.7664782,121.8447587
2159,22/04/2016 2:55,-33.7883718,121.8483812
2159,22/04/2016 3:10,-33.7884074,121.8483722
2159,22/04/2016 3:25,-33.7883764,121.8484608
2159,22/04/2016 3:40,-33.7881434,121.8484159
2159,22/04/2016 3:54,-33.7877373,121.8514585
2159,22/04/2016 4:09,-33.7924772,121.8576408
2159,22/04/2016 4:25,-33.7924647,121.8576321
2159,22/04/2016 4:40,-33.7862226,121.8666783
2159,22/04/2016 4:55,-33.8001986,121.8866633
2159,22/04/2016 5:09,-33.8251963,121.8906112
2159,22/04/2016 5:25,-33.8400796,121.878417
2159,22/04/2016 5:40,-33.8416225,121.8582433
2159,22/04/2016 5:55,-33.8432492,121.8506157
2159,22/04/2016 6:11,-33.8432682,121.8506139
2159,22/04/2016 6:26,-33.8512743,121.8514724
2159,22/04/2016 6:41,-33.8630529,121.8547711
2159,22/04/2016 6:56,-33.8629702,121.8547167
2159,22/04/2016 7:11,-33.8628097,121.8545805
2159,22/04/2016 7:26,-33.8624878,121.8546457
2159,22/04/2016 7:41,-33.8626484,121.8545388
2159,22/04/2016 7:56,-33.8627854,121.8544236
2159,22/04/2016 8:11,-33.8617513,121.8584185
2159,22/04/2016 8:26,-33.8632925,121.8624217
2159,22/04/2016 8:41,-33.8601051,121.865626
2159,22/04/2016 8:56,-33.8600573,121.8683087
2159,22/04/2016 9:12,-33.8601372,121.8680208
2159,22/04/2016 9:27,-33.8589991,121.8690804
2159,22/04/2016 9:42,-33.8589441,121.869128
2159,22/04/2016 9:58,-33.8612829,121.8714006
2159,22/04/2016 10:13,-33.8612179,121.871719
2159,22/04/2016 10:28,-33.8612134,121.8717438
2159,22/04/2016 10:58,-33.8611911,121.8717186
2159,22/04/2016 11:28,-33.8611977,121.8716972
2159,22/04/2016 11:58,-33.8612552,121.8716889
2159,22/04/2016 12:28,-33.8611679,121.87172
2159,22/04/2016 12:59,-33.8611159,121.8717481
2159,22/04/2016 13:29,-33.8611885,121.8717481
2159,22/04/2016 14:00,-33.8611948,121.8719749
2159,22/04/2016 14:30,-33.8611757,121.8716538
2159,22/04/2016 15:00,-33.8611915,121.871685
2159,22/04/2016 15:30,-33.861239,121.8716889
2159,22/04/2016 16:01,-33.8614159,121.8717577
2159,22/04/2016 16:31,-33.8612557,121.8717131
2159,22/04/2016 17:01,-33.8612428,121.8717261
2159,22/04/2016 17:31,-33.8612398,121.8717196
2159,22/04/2016 18:02,-33.8612415,121.8718826
2159,22/04/2016 18:32,-33.8613878,121.8717093
2159,22/04/2016 19:02,-33.8612149,121.8717394
2159,22/04/2016 19:32,-33.8612323,121.8716258
2159,22/04/2016 20:03,-33.861125,121.8715917
2159,22/04/2016 20:33,-33.8611949,121.8717248
2159,22/04/2016 21:03,-33.8612254,121.8717253
2159,22/04/2016 21:30,-33.8611799,121.8717258
2159,22/04/2016 21:45,-33.8611881,121.871688
2159,22/04/2016 22:00,-33.8612052,121.871679
2159,22/04/2016 22:15,-33.8585452,121.8693418
2159,22/04/2016 22:30,-33.8520753,121.8676695
2159,22/04/2016 22:45,-33.8503565,121.86649
2159,22/04/2016 23:00,-33.8401445,121.859448
2159,22/04/2016 23:16,-33.8395325,121.859395
2159,22/04/2016 23:31,-33.8399816,121.8529911
2159,22/04/2016 23:46,-33.8380924,121.8562444
2159,23/04/2016 0:02,-33.8389144,121.8590761
2159,23/04/2016 0:17,-33.8387196,121.8594448
2159,23/04/2016 0:32,-33.8392945,121.8596261
2159,23/04/2016 0:47,-33.839317,121.859719
2159,23/04/2016 1:02,-33.8407012,121.859968
2159,23/04/2016 1:17,-33.8409736,121.8577056
2159,23/04/2016 1:32,-33.8404844,121.8559131
2159,23/04/2016 1:47,-33.8404223,121.8558952
2159,23/04/2016 2:02,-33.840361,121.8559242
2159,23/04/2016 2:17,-33.8403953,121.8558731
2159,23/04/2016 2:32,-33.8403415,121.8556731
2159,23/04/2016 2:47,-33.8473657,121.8507814
2159,23/04/2016 3:02,-33.8473473,121.8508506
2159,23/04/2016 3:17,-33.8484672,121.8498813
2159,23/04/2016 3:33,-33.8484719,121.8498929
2159,23/04/2016 3:48,-33.8484987,121.8498582
2159,23/04/2016 4:04,-33.8484892,121.8498516
2159,23/04/2016 4:19,-33.848388,121.8499075
2159,23/04/2016 4:33,-33.8483542,121.8499155
2159,23/04/2016 4:48,-33.849176,121.8496529
2159,23/04/2016 5:03,-33.8484892,121.8495941
2159,23/04/2016 5:19,-33.8485367,121.8498922
2159,23/04/2016 5:34,-33.8484696,121.8499328
2159,23/04/2016 5:49,-33.8433292,121.8504927
2159,23/04/2016 6:05,-33.8433099,121.8505063
2159,23/04/2016 6:20,-33.8427996,121.8502375
2159,23/04/2016 6:34,-33.8403246,121.8605556
2159,23/04/2016 6:49,-33.8402745,121.8605523
2159,23/04/2016 7:05,-33.8403188,121.8605552
2159,23/04/2016 7:20,-33.8400979,121.8608982
2159,23/04/2016 7:34,-33.8407992,121.8575408
2159,23/04/2016 7:50,-33.8405241,121.8607921
2159,23/04/2016 8:05,-33.8403742,121.8617676
2159,23/04/2016 8:21,-33.8405206,121.8612229
2159,23/04/2016 8:36,-33.8418751,121.8562639
2159,23/04/2016 8:51,-33.8414741,121.8515564
2159,23/04/2016 9:06,-33.8426493,121.8517891
2159,23/04/2016 9:21,-33.8579642,121.8663532
2159,23/04/2016 9:36,-33.8579044,121.8661553
2159,23/04/2016 9:51,-33.8591224,121.8690369
2159,23/04/2016 10:06,-33.8590531,121.8690945
2159,23/04/2016 10:21,-33.8591082,121.8691164
2159,23/04/2016 10:51,-33.8590033,121.8691112
2159,23/04/2016 11:21,-33.8590912,121.8690788
2159,23/04/2016 11:52,-33.8590819,121.8691017
2159,23/04/2016 12:22,-33.8590765,121.8691985
2159,23/04/2016 12:52,-33.8591087,121.868944
2159,23/04/2016 13:22,-33.8589748,121.869053
2159,23/04/2016 13:53,-33.8592057,121.8688963
2159,25/04/2016 8:55,-33.8416625,121.8519576
2159,25/04/2016 9:10,-33.8429103,121.8509566
2159,25/04/2016 9:25,-33.857926,121.8663677
2159,25/04/2016 9:40,-33.8577798,121.8663565
2159,25/04/2016 9:55,-33.8567498,121.8647786
2159,25/04/2016 10:10,-33.8569694,121.8648009
2159,25/04/2016 10:25,-33.8570461,121.8648404
2159,25/04/2016 10:56,-33.8567177,121.8647168
2159,25/04/2016 11:26,-33.856761,121.8646263
2159,25/04/2016 11:57,-33.8567617,121.864728
2159,25/04/2016 12:27,-33.8568452,121.8646941
2159,25/04/2016 12:57,-33.8567921,121.8647851
2159,25/04/2016 13:27,-33.8566901,121.8646345
2159,25/04/2016 13:57,-33.8567039,121.8646909
2159,27/04/2016 1:56,-33.8173281,121.8154254
2159,27/04/2016 2:11,-33.8080701,121.8201315
2159,27/04/2016 2:26,-33.8214398,121.8178077
2159,27/04/2016 2:41,-33.8227836,121.8183259
2159,27/04/2016 2:56,-33.8229561,121.8180251
2159,27/04/2016 3:11,-33.822905,121.8180178
2159,27/04/2016 3:26,-33.8228081,121.8183438
2159,27/04/2016 3:41,-33.8228012,121.8184216
2159,27/04/2016 3:57,-33.8231675,121.8182968
2159,27/04/2016 4:12,-33.8231357,121.8182018
2159,27/04/2016 4:27,-33.8231884,121.8182724
2159,27/04/2016 4:42,-33.8231667,121.8181993
2159,27/04/2016 4:57,-33.8173594,121.8155226
2159,27/04/2016 5:13,-33.8174308,121.8153976
2159,27/04/2016 5:28,-33.817561,121.8153374
2159,27/04/2016 5:43,-33.8174193,121.8155374
2159,27/04/2016 5:58,-33.8173621,121.8155529
2159,27/04/2016 6:13,-33.8174561,121.8153854
2159,27/04/2016 6:28,-33.8174694,121.815475
2159,27/04/2016 6:44,-33.8175123,121.8154081
2159,27/04/2016 6:59,-33.8218245,121.8194348
2159,27/04/2016 7:14,-33.8218486,121.8194138
2159,27/04/2016 7:29,-33.8238452,121.8436787
2159,27/04/2016 7:45,-33.8421801,121.8529678
2159,27/04/2016 8:00,-33.8421629,121.8530134
2159,27/04/2016 8:15,-33.8419957,121.8521443
2159,27/04/2016 8:30,-33.8564999,121.8624332
2159,27/04/2016 8:45,-33.8561635,121.861827
2159,27/04/2016 9:00,-33.8596262,121.8665667
2159,27/04/2016 9:15,-33.8608955,121.8687799
2159,27/04/2016 9:30,-33.8613482,121.8702489
2159,27/04/2016 9:45,-33.8609047,121.8808683
2159,27/04/2016 10:01,-33.8612834,121.8809353
2159,27/04/2016 10:16,-33.8612857,121.8809445
2159,27/04/2016 10:46,-33.861334,121.8810098
2159,27/04/2016 11:16,-33.8613867,121.8808395
2159,27/04/2016 11:46,-33.861268,121.8811274
2159,27/04/2016 12:16,-33.8611871,121.8806143
2159,27/04/2016 12:46,-33.8612426,121.8809824
2159,27/04/2016 13:17,-33.8613559,121.8809914
2159,27/04/2016 13:47,-33.8612518,121.8808776
2159,27/04/2016 14:17,-33.8612281,121.8811505
2159,27/04/2016 14:48,-33.8612758,121.8810041
2159,27/04/2016 15:18,-33.8613523,121.880966
2159,27/04/2016 15:48,-33.8613712,121.8807298
2159,27/04/2016 16:18,-33.861335,121.8807139
2159,27/04/2016 16:49,-33.8613039,121.8810242
2159,27/04/2016 17:20,-33.8612278,121.8807612
2159,27/04/2016 17:49,-33.8612591,121.8809246
2159,27/04/2016 18:20,-33.861307,121.8809984
2159,27/04/2016 18:50,-33.8613651,121.8807836
2159,30/04/2016 2:15,-33.7939595,121.7668603
2159,30/04/2016 2:30,-33.7982815,121.7792956
2159,30/04/2016 2:45,-33.8084988,121.7914733
2159,30/04/2016 3:00,-33.8084192,121.7914779
2159,30/04/2016 3:15,-33.8083651,121.7915159
2159,30/04/2016 3:30,-33.8083884,121.791599
2159,30/04/2016 3:44,-33.808723,121.7915627
2159,30/04/2016 4:00,-33.8069151,121.7935283
2159,30/04/2016 4:15,-33.8069842,121.7934356
2159,30/04/2016 4:30,-33.8069043,121.7931546
2159,30/04/2016 4:45,-33.8084007,121.7914407
2159,30/04/2016 5:01,-33.8084333,121.7912865
2159,30/04/2016 5:16,-33.8084696,121.7915506
2159,30/04/2016 5:32,-33.8084066,121.7914498
2159,30/04/2016 5:47,-33.8083964,121.7915704
2159,30/04/2016 6:02,-33.808488,121.7916324
2159,30/04/2016 6:17,-33.8085933,121.791502
2159,30/04/2016 6:33,-33.8084224,121.7918452
2159,30/04/2016 6:48,-33.8085079,121.7918348
2159,30/04/2016 7:03,-33.8085211,121.7918101
2159,30/04/2016 7:18,-33.8098798,121.7937205
2159,30/04/2016 7:33,-33.809373,121.7913414
2159,30/04/2016 7:48,-33.8096045,121.7949585
2159,30/04/2016 8:03,-33.8213515,121.8114037
2159,30/04/2016 8:19,-33.8422638,121.8521881
2159,30/04/2016 8:33,-33.8428558,121.8511709
2159,30/04/2016 8:49,-33.8436512,121.8506598
2159,30/04/2016 9:04,-33.8460743,121.8549697
2159,30/04/2016 9:19,-33.8585194,121.8696215
2159,30/04/2016 9:33,-33.8584736,121.8698699
2159,30/04/2016 9:48,-33.858522,121.8696646
2159,30/04/2016 10:04,-33.8586734,121.869624
2159,30/04/2016 10:19,-33.8585257,121.8696314
2159,30/04/2016 10:49,-33.8583644,121.8696181
2159,30/04/2016 11:20,-33.8584781,121.8695792
2159,30/04/2016 11:50,-33.8588459,121.8693578
2159,30/04/2016 12:20,-33.8585938,121.8694865
2159,30/04/2016 12:50,-33.8584622,121.8696282
2159,30/04/2016 13:20,-33.858572,121.8696285
2159,30/04/2016 13:51,-33.858501,121.8694707
2159,30/04/2016 14:22,-33.8585382,121.8696133
2159,30/04/2016 14:52,-33.8585298,121.8695943
2159,30/04/2016 15:22,-33.8585209,121.869601
2159,30/04/2016 15:52,-33.8583065,121.8694703
2159,30/04/2016 16:22,-33.8583979,121.8694979
2159,30/04/2016 16:52,-33.8583623,121.8697092
2159,30/04/2016 17:23,-33.8585671,121.8694647
2159,30/04/2016 17:53,-33.8585825,121.8695971
2159,30/04/2016 18:23,-33.8583808,121.8696589
2159,30/04/2016 18:53,-33.8585581,121.8695222
2159,30/04/2016 19:23,-33.8585357,121.8695127
2159,30/04/2016 19:53,-33.8586907,121.8692791
2159,2/05/2016 4:37,-33.8019096,121.8123261
2159,2/05/2016 4:52,-33.8018655,121.8117304
2159,2/05/2016 5:07,-33.8018535,121.8116866
2159,2/05/2016 5:22,-33.8019579,121.8115178
2159,2/05/2016 5:37,-33.801882,121.8116945
2159,2/05/2016 5:52,-33.8018514,121.8116421
2159,2/05/2016 6:08,-33.8018536,121.8120441
2159,2/05/2016 6:22,-33.8036702,121.813856
2159,2/05/2016 6:37,-33.8069065,121.8163617
2159,2/05/2016 6:52,-33.812125,121.8189264
2159,2/05/2016 7:10,-33.8349579,121.8550656
2159,2/05/2016 7:25,-33.8435398,121.8588284
2159,2/05/2016 7:40,-33.8563927,121.861593
2159,2/05/2016 7:54,-33.8616586,121.858688
2159,2/05/2016 8:10,-33.8627115,121.8546177
2159,2/05/2016 8:25,-33.8622701,121.8603218
2159,2/05/2016 8:40,-33.8601908,121.8646399
2159,2/05/2016 8:55,-33.8618431,121.8701409
2159,2/05/2016 9:10,-33.860383,121.8719441
2159,2/05/2016 9:25,-33.8612631,121.8707695
2159,2/05/2016 9:40,-33.861233,121.8708263
2159,2/05/2016 9:55,-33.8612893,121.870768
2159,2/05/2016 10:11,-33.8614487,121.8708228
2159,2/05/2016 10:26,-33.8613136,121.8708164
2159,2/05/2016 10:56,-33.8615054,121.8707962
2159,2/05/2016 11:26,-33.8613189,121.8708033
2159,2/05/2016 11:56,-33.8613258,121.8708207
2159,2/05/2016 12:26,-33.8613551,121.8708805
2159,3/05/2016 8:11,-33.8329133,121.8500548
2159,3/05/2016 8:26,-33.8433477,121.8505945
2159,3/05/2016 8:42,-33.8562591,121.8642443
2159,3/05/2016 8:57,-33.8577017,121.8661145
2159,3/05/2016 9:12,-33.8585085,121.8693496
2159,3/05/2016 9:27,-33.8584443,121.869388
2159,3/05/2016 9:42,-33.8584815,121.8693228
2159,3/05/2016 9:58,-33.8584718,121.869284
2159,3/05/2016 10:13,-33.8584015,121.8692201
2159,3/05/2016 10:28,-33.8584409,121.8694705
2159,3/05/2016 10:59,-33.858389,121.8693167
2159,3/05/2016 11:29,-33.8586266,121.8690879
2159,3/05/2016 12:01,-33.8585736,121.8692742
2159,3/05/2016 12:31,-33.8584228,121.8692558
2159,3/05/2016 13:02,-33.8584709,121.8694719
2159,3/05/2016 13:33,-33.8583643,121.8692783
2159,3/05/2016 14:03,-33.8585394,121.86931
2159,3/05/2016 14:34,-33.8584318,121.8693486
2159,3/05/2016 15:04,-33.8584394,121.8692946
2159,3/05/2016 15:34,-33.8583881,121.8693528
2159,3/05/2016 16:05,-33.8583861,121.8693779
2159,3/05/2016 16:35,-33.858385,121.8693689
2159,5/05/2016 4:37,-33.7664761,121.7966943
2159,5/05/2016 4:53,-33.7682599,121.7927109
2159,5/05/2016 5:08,-33.7878312,121.7896231
2159,5/05/2016 5:22,-33.7943479,121.7913389
2159,5/05/2016 5:37,-33.7969028,121.794882
2159,5/05/2016 5:52,-33.8071887,121.7944614
2159,5/05/2016 6:07,-33.8084207,121.7915425
2159,5/05/2016 6:22,-33.8083703,121.7916413
2159,5/05/2016 6:37,-33.8085865,121.7919363
2159,5/05/2016 6:52,-33.8124412,121.796471
2159,5/05/2016 7:07,-33.8215342,121.7959338
2159,5/05/2016 7:22,-33.8275202,121.7963272
2159,5/05/2016 7:39,-33.8337047,121.8034296
2159,5/05/2016 7:54,-33.8575298,121.7999111
2159,5/05/2016 8:09,-33.8597051,121.7993008
2159,5/05/2016 8:24,-33.8597852,121.7984597
2159,5/05/2016 8:39,-33.8598162,121.7984476
2159,5/05/2016 8:54,-33.857527,121.8014439
2159,5/05/2016 9:09,-33.8612306,121.8075344
2159,5/05/2016 9:24,-33.8610506,121.8236681
2159,5/05/2016 9:39,-33.8609979,121.8239025
2159,5/05/2016 9:54,-33.8609448,121.8236879
2159,5/05/2016 10:10,-33.861043,121.8239047
2159,5/05/2016 10:25,-33.8610264,121.8238971
2159,5/05/2016 10:55,-33.8610554,121.8238427
2159,5/05/2016 11:25,-33.8607832,121.8239727
2159,5/05/2016 11:55,-33.8610462,121.8238024
2159,5/05/2016 12:26,-33.8609258,121.8238126
2159,5/05/2016 12:56,-33.8608542,121.8237691
2159,5/05/2016 13:26,-33.8609765,121.8238294
2159,5/05/2016 13:56,-33.861063,121.8238884
2159,5/05/2016 14:26,-33.8609916,121.8238736
2159,5/05/2016 14:56,-33.8608966,121.823893
2159,5/05/2016 15:27,-33.8610346,121.8238457
2159,5/05/2016 15:57,-33.8610304,121.8238296
2159,5/05/2016 16:28,-33.8611457,121.8243467
2159,5/05/2016 16:59,-33.8610706,121.8238038
2159,5/05/2016 17:29,-33.8609899,121.8238634
2159,5/05/2016 17:59,-33.860997,121.8237826
2159,5/05/2016 18:29,-33.8609998,121.8239044
2159,5/05/2016 18:59,-33.8610974,121.8239191
2159,5/05/2016 19:29,-33.8609989,121.8238954
2159,5/05/2016 20:00,-33.8606211,121.8238754
2159,5/05/2016 20:30,-33.861042,121.8238726
2159,5/05/2016 21:00,-33.8608039,121.8239597
2159,5/05/2016 21:31,-33.8612132,121.823811
2159,5/05/2016 21:46,-33.8609035,121.8238638
2159,5/05/2016 22:01,-33.8611155,121.8238037
2159,5/05/2016 22:16,-33.8609591,121.8239185
2159,5/05/2016 22:31,-33.8598441,121.7986307
2159,5/05/2016 22:46,-33.8599812,121.7983852
2159,5/05/2016 23:01,-33.8600208,121.7983863
2159,5/05/2016 23:16,-33.860082,121.7971944
2159,5/05/2016 23:31,-33.859123,121.7968746
2159,5/05/2016 23:46,-33.8622963,121.7957992
2159,6/05/2016 0:01,-33.860883,121.7988122
2159,6/05/2016 0:16,-33.8599205,121.7987892
2159,6/05/2016 0:31,-33.8599536,121.7985893
2159,6/05/2016 0:46,-33.859933,121.7984925
2159,6/05/2016 1:02,-33.8598773,121.7983444
2159,6/05/2016 1:17,-33.8600114,121.7970826
2159,6/05/2016 1:32,-33.8626651,121.8003098
2159,6/05/2016 1:47,-33.8639554,121.8023809
2159,6/05/2016 2:01,-33.8619393,121.7987486
2159,6/05/2016 2:16,-33.8621343,121.7988151
2159,6/05/2016 2:32,-33.8643577,121.8006616
2159,6/05/2016 2:47,-33.8639827,121.8006899
2159,6/05/2016 3:02,-33.8650831,121.8011703
2159,6/05/2016 3:17,-33.8650943,121.8009324
2159,6/05/2016 3:32,-33.8679324,121.7992795
2159,6/05/2016 3:47,-33.8701823,121.7966698
2159,6/05/2016 4:03,-33.8634175,121.8004914
2159,6/05/2016 4:18,-33.8634589,121.8004973
2159,6/05/2016 4:33,-33.860964,121.799361
2159,6/05/2016 4:48,-33.8609914,121.7994354
2159,6/05/2016 5:03,-33.8610442,121.799385
2159,6/05/2016 5:18,-33.8594829,121.798296
2159,6/05/2016 5:34,-33.8594829,121.7983119
2159,6/05/2016 5:49,-33.8596419,121.7986012
2159,6/05/2016 6:04,-33.8598407,121.7985888
2159,6/05/2016 6:19,-33.8599429,121.798475
2159,6/05/2016 6:34,-33.8599527,121.7985873
2159,6/05/2016 6:49,-33.8593901,121.797636
2159,6/05/2016 7:04,-33.8610434,121.7965029
2159,6/05/2016 7:19,-33.8633295,121.7988795
2159,6/05/2016 7:34,-33.861815,121.8011048
2159,6/05/2016 7:49,-33.8597267,121.7993814
2159,6/05/2016 8:04,-33.8595891,121.798203
2159,6/05/2016 8:19,-33.8598943,121.7983689
2159,6/05/2016 8:34,-33.8597807,121.7972845
2159,6/05/2016 8:49,-33.8586665,121.8021536
2159,6/05/2016 9:04,-33.8619191,121.819646
2159,6/05/2016 9:19,-33.8595196,121.8562079
2159,6/05/2016 9:35,-33.8595388,121.8562135
2159,6/05/2016 9:50,-33.8595968,121.8561915
2159,6/05/2016 10:05,-33.8596585,121.85611
2159,6/05/2016 10:20,-33.8596041,121.855959
2159,6/05/2016 10:50,-33.8595056,121.8561228
2159,6/05/2016 11:20,-33.8590568,121.8564929
2159,6/05/2016 11:50,-33.8596066,121.8561058
2159,6/05/2016 12:21,-33.8595672,121.8562963
2159,6/05/2016 12:51,-33.8595236,121.8561488
2159,6/05/2016 13:21,-33.8595485,121.8561141
2159,6/05/2016 13:51,-33.8594974,121.8561516
2159,6/05/2016 14:22,-33.8593484,121.8562759
2159,8/05/2016 3:48,-33.7943018,121.7905103
2159,8/05/2016 4:04,-33.7943869,121.790145
2159,8/05/2016 4:18,-33.7952283,121.789627
2159,8/05/2016 4:33,-33.795319,121.789425
2159,8/05/2016 4:48,-33.7945734,121.7938715
2159,8/05/2016 5:04,-33.7958897,121.7972795
2159,8/05/2016 5:19,-33.8028652,121.813033
2159,8/05/2016 5:35,-33.802361,121.812391
2159,8/05/2016 5:50,-33.802171,121.8121954
2159,8/05/2016 6:06,-33.8028767,121.8129584
2159,8/05/2016 6:21,-33.8018394,121.8117849
2159,8/05/2016 6:36,-33.8022109,121.8117833
2159,8/05/2016 6:51,-33.8023814,121.8124994
2159,8/05/2016 7:07,-33.802355,121.8124857
2159,8/05/2016 7:22,-33.8206983,121.8383219
2159,8/05/2016 7:37,-33.8402064,121.8589978
2159,8/05/2016 7:53,-33.8429773,121.8617451
2159,8/05/2016 8:08,-33.8573674,121.8668826
2159,8/05/2016 8:23,-33.8604071,121.8672766
2159,8/05/2016 8:38,-33.8603546,121.8678744
2159,8/05/2016 8:53,-33.8604382,121.8680108
2159,8/05/2016 9:08,-33.8604888,121.8679878
2159,8/05/2016 9:23,-33.8608957,121.8686851
2159,8/05/2016 9:39,-33.8565222,121.8741652
2159,8/05/2016 9:54,-33.8565132,121.8741582
2159,8/05/2016 10:09,-33.8564884,121.8741917
2159,8/05/2016 10:24,-33.8564933,121.874179
2159,8/05/2016 10:54,-33.8565084,121.8741849
2159,8/05/2016 11:24,-33.8565716,121.8742285
2159,8/05/2016 11:55,-33.8564554,121.8742148
2159,8/05/2016 12:25,-33.8565423,121.8741701
2159,8/05/2016 12:55,-33.8565125,121.8743183
2159,8/05/2016 13:26,-33.8564965,121.8742233
2159,8/05/2016 13:56,-33.8565197,121.874228
2159,8/05/2016 14:27,-33.8565226,121.8741811
2159,8/05/2016 14:57,-33.8564834,121.8742052
2159,8/05/2016 15:27,-33.8564299,121.8742275
2159,8/05/2016 15:57,-33.8564846,121.8741982
2159,8/05/2016 16:27,-33.8565451,121.8741479
2159,8/05/2016 16:57,-33.8565746,121.8740456
2159,8/05/2016 17:27,-33.8564787,121.8741839
2159,8/05/2016 17:57,-33.8564306,121.874221
2159,8/05/2016 18:27,-33.8565539,121.8741706
2159,8/05/2016 18:58,-33.8564905,121.8741594
2159,8/05/2016 19:27,-33.8565178,121.8741915
2159,8/05/2016 19:57,-33.856422,121.8742605
2159,8/05/2016 21:01,-33.8565365,121.8741835
2159,8/05/2016 21:30,-33.8564243,121.874167
2159,8/05/2016 21:45,-33.8564632,121.8744538
2159,8/05/2016 22:01,-33.8564991,121.8741758
2159,8/05/2016 22:16,-33.8574916,121.8691766
2159,8/05/2016 22:31,-33.8539618,121.877578
2159,8/05/2016 22:46,-33.8540811,121.8775534
2159,8/05/2016 23:01,-33.854326,121.8774519
2159,8/05/2016 23:16,-33.8540262,121.8774772
2159,8/05/2016 23:31,-33.8540464,121.8775541
2159,8/05/2016 23:47,-33.8540444,121.8775945
2159,9/05/2016 0:01,-33.8540522,121.8775608
2159,9/05/2016 0:16,-33.8540479,121.8775341
2159,9/05/2016 0:31,-33.8540993,121.8775116
2159,9/05/2016 0:46,-33.8540449,121.8775877
2159,9/05/2016 1:02,-33.8576981,121.8801773
2159,9/05/2016 1:17,-33.8539863,121.8775133
2159,9/05/2016 1:32,-33.8542411,121.8776867
2159,9/05/2016 1:47,-33.8563036,121.8747552
2159,9/05/2016 2:02,-33.8564264,121.8747273
2159,9/05/2016 2:17,-33.8562899,121.8747914
2159,9/05/2016 2:32,-33.8563765,121.874756
2159,9/05/2016 2:47,-33.8564036,121.8746959
2159,9/05/2016 3:03,-33.8564057,121.874699
2159,9/05/2016 3:18,-33.8550589,121.8768612
2159,9/05/2016 3:33,-33.8551343,121.8766985
2159,9/05/2016 3:48,-33.8551624,121.8767214
2159,14/05/2016 5:19,-33.7873419,121.8481275
2159,14/05/2016 5:34,-33.7878846,121.8478781
2159,14/05/2016 5:49,-33.7878221,121.8479079
2159,14/05/2016 6:04,-33.7877257,121.8480759
2159,14/05/2016 6:19,-33.7876703,121.8479973
2159,14/05/2016 6:34,-33.7877062,121.848041
2159,14/05/2016 6:49,-33.787803,121.8479533
2159,14/05/2016 7:04,-33.787658,121.8479109
2159,14/05/2016 7:19,-33.7876099,121.8481936
2159,14/05/2016 7:35,-33.789598,121.8491461
2159,14/05/2016 7:50,-33.7904954,121.8502924
2159,14/05/2016 8:05,-33.805669,121.8504836
2159,14/05/2016 8:20,-33.8408242,121.8528181
2159,14/05/2016 8:35,-33.8440982,121.8511965
2159,14/05/2016 8:51,-33.8575249,121.8667653
2159,14/05/2016 9:06,-33.8575376,121.8692271
2159,14/05/2016 9:21,-33.8574466,121.8691322
2159,14/05/2016 9:37,-33.8575607,121.8691794
2159,14/05/2016 9:51,-33.8575261,121.8691667
2159,14/05/2016 10:06,-33.8575277,121.8691626
2159,14/05/2016 10:21,-33.8575019,121.8691632
2159,14/05/2016 10:51,-33.857446,121.8691984
2159,14/05/2016 11:21,-33.8574752,121.8691805
2159,14/05/2016 11:52,-33.8574908,121.8691932
2159,14/05/2016 12:22,-33.8574767,121.8691723
2159,14/05/2016 12:53,-33.8574654,121.8691097
2159,14/05/2016 13:23,-33.8574442,121.8691977
2159,14/05/2016 13:53,-33.8574308,121.8691678
2159,14/05/2016 14:23,-33.8575852,121.8692003
2159,14/05/2016 14:54,-33.8575048,121.8691974
2159,14/05/2016 15:24,-33.85746,121.8691778
2159,14/05/2016 15:54,-33.8574655,121.8691724
2159,14/05/2016 16:25,-33.8574882,121.8692267
2159,14/05/2016 16:55,-33.8574718,121.8691305
2159,14/05/2016 17:25,-33.8575036,121.8691324
2159,14/05/2016 17:55,-33.8574634,121.8692409
2159,14/05/2016 18:26,-33.8575685,121.8692637
2159,14/05/2016 18:56,-33.8574828,121.869085
2159,14/05/2016 19:27,-33.8575136,121.8692444
2159,14/05/2016 19:58,-33.8574996,121.8691723
2159,14/05/2016 20:28,-33.8574664,121.8691155
2159,14/05/2016 20:58,-33.8574188,121.8692407
2159,14/05/2016 21:28,-33.8574662,121.8691526
2159,14/05/2016 21:43,-33.8574523,121.8691762
2159,14/05/2016 21:58,-33.8573304,121.8692562
2159,16/05/2016 2:56,-33.7287855,121.631243
2159,16/05/2016 3:11,-33.7279214,121.6194712
2159,16/05/2016 3:26,-33.7278906,121.6194848
2159,16/05/2016 3:42,-33.730066,121.6207169
2159,16/05/2016 3:57,-33.7575889,121.6053354
2159,16/05/2016 4:12,-33.7393411,121.6150572
2159,16/05/2016 4:27,-33.7393788,121.6146058
2159,16/05/2016 4:43,-33.7393038,121.6147238
2159,16/05/2016 4:58,-33.7394537,121.6145886
2159,16/05/2016 5:13,-33.7393703,121.6146075
2159,16/05/2016 5:28,-33.7395155,121.6144339
2159,16/05/2016 5:44,-33.7393843,121.6145951
2159,16/05/2016 5:59,-33.7393942,121.6145897
2159,16/05/2016 6:14,-33.7467576,121.6124329
2159,16/05/2016 6:29,-33.7432547,121.6269321
2159,16/05/2016 6:44,-33.7391612,121.6379
2159,16/05/2016 6:59,-33.7390989,121.6378894
2159,16/05/2016 7:14,-33.7391033,121.6382227
2159,16/05/2016 7:29,-33.7392026,121.6381509
2159,16/05/2016 7:45,-33.7391497,121.6382254
2159,16/05/2016 8:01,-33.7345601,121.6419253
2159,16/05/2016 8:16,-33.7258867,121.6515214
2159,16/05/2016 8:30,-33.7325618,121.6947264
2159,16/05/2016 8:45,-33.7362633,121.7114644
2159,16/05/2016 9:00,-33.7364094,121.7114891
2159,16/05/2016 9:15,-33.7405882,121.7334509
2159,16/05/2016 9:31,-33.7404466,121.7347239
2159,16/05/2016 9:46,-33.7704073,121.7747316
2159,16/05/2016 10:01,-33.7703842,121.7747484
2159,16/05/2016 10:16,-33.7704489,121.7746982
2159,16/05/2016 10:46,-33.7703342,121.7747966
2159,16/05/2016 11:16,-33.7705006,121.774723
2159,16/05/2016 11:46,-33.7704847,121.7747324
2159,16/05/2016 12:16,-33.7704305,121.7746973
2159,16/05/2016 12:47,-33.7704117,121.7747277
2159,16/05/2016 13:17,-33.7705106,121.7745948
2159,16/05/2016 13:47,-33.7704549,121.7747498
2159,16/05/2016 14:17,-33.7704622,121.7747476
2159,16/05/2016 14:47,-33.7703988,121.7746984
2159,16/05/2016 15:17,-33.7704083,121.7747095
2159,16/05/2016 15:47,-33.7703887,121.7747031
2159,16/05/2016 16:18,-33.7704375,121.7747537
2159,16/05/2016 16:48,-33.7704201,121.7747637
2159,16/05/2016 17:18,-33.7704541,121.7746741
2159,16/05/2016 17:48,-33.7704547,121.7747121
2159,16/05/2016 18:18,-33.7703853,121.7747081
2159,16/05/2016 18:49,-33.7703715,121.7747221
2159,16/05/2016 19:19,-33.7704846,121.7747244
2159,16/05/2016 19:49,-33.7704076,121.774654
2159,16/05/2016 20:19,-33.7704222,121.7746702
2159,16/05/2016 20:49,-33.7704058,121.7746992
2159,16/05/2016 21:19,-33.7704718,121.7746856
2159,16/05/2016 21:34,-33.7704547,121.7746656
2159,16/05/2016 21:49,-33.7705288,121.7747467
2159,16/05/2016 22:05,-33.7704391,121.7747243
2159,16/05/2016 22:19,-33.7704485,121.7747542
2159,16/05/2016 22:34,-33.7913373,121.8314757
2159,16/05/2016 22:50,-33.7900905,121.8482865
2159,16/05/2016 23:05,-33.7881867,121.8483515
2159,16/05/2016 23:35,-33.8189314,121.9148003
2159,16/05/2016 23:50,-33.8189837,121.9148326
2159,17/05/2016 0:05,-33.8188728,121.9148203
2159,17/05/2016 0:20,-33.8189245,121.9148077
2159,17/05/2016 0:35,-33.819068,121.9148077
2159,17/05/2016 0:50,-33.8188677,121.9147367
2159,17/05/2016 1:05,-33.8189391,121.9149114
2159,17/05/2016 1:20,-33.818942,121.9147517
2159,17/05/2016 1:36,-33.8223359,121.9126172
2159,17/05/2016 1:51,-33.8217771,121.9116177
2159,17/05/2016 2:06,-33.8217985,121.9116175
2159,17/05/2016 2:21,-33.8217426,121.9116003
2159,17/05/2016 2:36,-33.821766,121.9116305
2159,17/05/2016 2:51,-33.8217771,121.9115719
2159,17/05/2016 3:06,-33.8217929,121.9114425
2159,17/05/2016 3:21,-33.8217255,121.911616
2159,17/05/2016 3:36,-33.8217167,121.9115892
2159,17/05/2016 3:51,-33.8217419,121.9116078
2159,17/05/2016 4:26,-33.8217174,121.9116468
2159,17/05/2016 4:41,-33.8217851,121.9116038
2159,17/05/2016 4:56,-33.8216402,121.9116717
2159,17/05/2016 5:11,-33.8216396,121.91162
2159,17/05/2016 5:26,-33.8216157,121.9118461
2159,17/05/2016 5:41,-33.8189382,121.9147727
2159,17/05/2016 5:56,-33.8189939,121.9146614
2159,17/05/2016 6:12,-33.8188641,121.9148932
2159,17/05/2016 6:27,-33.8188601,121.9148894
2159,17/05/2016 6:42,-33.8188719,121.9148544
2159,17/05/2016 6:57,-33.8188371,121.9148821
2159,17/05/2016 7:12,-33.8188876,121.9147622
2159,17/05/2016 7:27,-33.8188759,121.9148072
2159,17/05/2016 7:42,-33.8189573,121.9148099
2159,17/05/2016 7:57,-33.821824,121.911068
2159,17/05/2016 8:12,-33.8226066,121.9112333
2159,17/05/2016 8:27,-33.822592,121.9112442
2159,17/05/2016 8:42,-33.822591,121.9112611
2159,20/05/2016 5:05,-33.7926394,121.8560347
2159,20/05/2016 5:20,-33.7926391,121.8560272
2159,20/05/2016 5:35,-33.805014,121.868673
2159,20/05/2016 5:50,-33.8056668,121.8714118
2159,20/05/2016 6:05,-33.8055267,121.8712985
2159,20/05/2016 6:20,-33.8058537,121.8721711
2159,20/05/2016 6:35,-33.8056434,121.8713964
2159,20/05/2016 6:50,-33.806042,121.871675
2159,20/05/2016 7:05,-33.8060058,121.8721967
2159,20/05/2016 7:20,-33.8066971,121.8730272
2159,20/05/2016 7:35,-33.8066239,121.8733374
2159,20/05/2016 7:50,-33.8048247,121.8706336
2159,20/05/2016 8:06,-33.8209738,121.8541853
2159,20/05/2016 8:21,-33.8423256,121.8505466
2159,20/05/2016 8:37,-33.8447697,121.8490505
2159,20/05/2016 8:52,-33.8491195,121.8523991
2159,20/05/2016 9:07,-33.8562061,121.8618867
2159,20/05/2016 9:22,-33.8567201,121.8646823
2159,20/05/2016 9:37,-33.8553451,121.8649446
2159,20/05/2016 9:52,-33.8554159,121.8649793
2159,20/05/2016 10:07,-33.8553254,121.8650667
2159,20/05/2016 10:22,-33.8553996,121.864961
2159,20/05/2016 10:53,-33.8550984,121.8651147
2159,20/05/2016 11:23,-33.8553646,121.8650227
2159,20/05/2016 11:53,-33.8554173,121.8651377
2159,20/05/2016 12:23,-33.8553435,121.8646206
2159,20/05/2016 12:54,-33.8553803,121.8649756
2159,20/05/2016 13:24,-33.8553446,121.8650023
2159,20/05/2016 13:54,-33.8554233,121.8649041
2159,20/05/2016 14:24,-33.8552673,121.8653777
2159,20/05/2016 14:55,-33.8553569,121.8648499
2159,20/05/2016 15:25,-33.8553398,121.8650365
2159,20/05/2016 15:55,-33.8553691,121.8649931
2159,20/05/2016 16:25,-33.8553678,121.8650263
2159,20/05/2016 16:56,-33.8553829,121.8649748
2159,20/05/2016 17:55,-33.8553526,121.8649666
2159,20/05/2016 18:26,-33.8553863,121.864993
2159,20/05/2016 18:56,-33.8552157,121.8650271
2159,20/05/2016 19:26,-33.8553955,121.8649852
2159,20/05/2016 19:57,-33.8553431,121.8649886
2159,29/05/2016 7:48,-33.8109008,121.8274685
2159,29/05/2016 8:03,-33.8116882,121.8263088
2159,29/05/2016 8:18,-33.8148222,121.8277214
2159,29/05/2016 8:33,-33.8424077,121.8520139
2159,29/05/2016 8:48,-33.8447319,121.8534199
2159,29/05/2016 9:04,-33.8574765,121.8692826
2159,29/05/2016 9:19,-33.8574705,121.8695662
2159,29/05/2016 9:34,-33.8575581,121.868754
2159,29/05/2016 9:50,-33.857372,121.8692468
2159,29/05/2016 10:05,-33.8574642,121.8692246
2159,29/05/2016 10:20,-33.8576472,121.8692572
2159,29/05/2016 10:50,-33.8576398,121.8696857
2159,29/05/2016 11:20,-33.8574879,121.869358
2159,29/05/2016 11:51,-33.8575591,121.8687307
2159,29/05/2016 12:21,-33.8575144,121.8692
2159,29/05/2016 12:51,-33.8574996,121.8692409
2159,29/05/2016 13:22,-33.8575642,121.8691576
2159,29/05/2016 13:52,-33.8574953,121.8690905
2159,29/05/2016 14:22,-33.8574807,121.8691614
2159,29/05/2016 14:52,-33.8573987,121.8691462
2159,29/05/2016 15:22,-33.857461,121.8691608
2159,29/05/2016 15:52,-33.857388,121.8691513
2159,29/05/2016 16:22,-33.8572881,121.8692906
2159,1/06/2016 6:01,-33.7867783,121.8738046
2159,1/06/2016 6:16,-33.787111,121.8750273
2159,1/06/2016 6:31,-33.7871202,121.8750166
2159,1/06/2016 6:46,-33.7870447,121.875046
2159,1/06/2016 7:01,-33.7864921,121.874059
2159,1/06/2016 7:16,-33.7865858,121.8741432
2159,1/06/2016 7:32,-33.7865349,121.8742044
2159,1/06/2016 7:47,-33.789109,121.8695504
2159,1/06/2016 8:02,-33.7933325,121.8684425
2159,1/06/2016 8:17,-33.7987065,121.8660341
2159,1/06/2016 8:32,-33.8184418,121.8546333
2159,1/06/2016 8:48,-33.8439003,121.8509844
2159,1/06/2016 9:03,-33.8567299,121.8645765
2159,1/06/2016 9:18,-33.8577187,121.8663439
2159,1/06/2016 9:33,-33.8549988,121.8647199
2159,1/06/2016 9:48,-33.8550736,121.8646161
2159,1/06/2016 10:03,-33.8551253,121.864623
2159,1/06/2016 10:18,-33.8549851,121.8647647
2159,1/06/2016 10:48,-33.8550559,121.864732
2159,1/06/2016 11:18,-33.8551351,121.8647721
2159,1/06/2016 11:49,-33.8550782,121.8647613
2159,1/06/2016 12:20,-33.8549703,121.8647503
2159,1/06/2016 12:50,-33.8551408,121.864729
2159,1/06/2016 13:20,-33.854987,121.8646816
2159,1/06/2016 13:50,-33.8550238,121.8647056
2159,1/06/2016 14:20,-33.8550204,121.8646996
2159,1/06/2016 14:51,-33.8549921,121.86472
2159,1/06/2016 15:21,-33.8551715,121.8648183
2159,1/06/2016 15:51,-33.8550753,121.8647894
2159,1/06/2016 16:21,-33.8550736,121.8647023
2159,1/06/2016 16:51,-33.8548469,121.8649153
